hospital_id,hospital_name,country,city,region,month,year,total_admissions,heart_failure_cases,mortality_rate_30day,mortality_rate_90day,mortality_rate_inhospital,readmission_rate_30day,avg_length_of_stay_days,complication_rate,hf_mortality_rate,hf_readmission_rate,hf_avg_los
H001,Hospital General de México,Mexico,Mexico City,Central Mexico,1,2024,1247,89,2.3,4.1,1.8,12.4,5.2,8.7,6.2,18.3,7.8
H001,Hospital General de México,Mexico,Mexico City,Central Mexico,2,2024,1189,82,2.1,3.9,1.7,11.8,5.1,8.3,5.9,17.8,7.5
H001,Hospital General de México,Mexico,Mexico City,Central Mexico,3,2024,1298,95,2.4,4.2,1.9,12.7,5.3,9.1,6.5,19.1,8.1
H001,Hospital General de México,Mexico,Mexico City,Central Mexico,4,2024,1256,88,2.2,4.0,1.8,12.1,5.2,8.5,6.1,18.5,7.7
H001,Hospital General de México,Mexico,Mexico City,Central Mexico,5,2024,1274,91,2.3,4.1,1.8,12.3,5.2,8.6,6.3,18.7,7.9
H001,Hospital General de México,Mexico,Mexico City,Central Mexico,6,2024,1235,86,2.2,3.9,1.7,11.9,5.1,8.4,6.0,18.1,7.6
H001,Hospital General de México,Mexico,Mexico City,Central Mexico,7,2024,1289,93,2.4,4.2,1.9,12.6,5.3,8.9,6.4,19.0,8.0
H001,Hospital General de México,Mexico,Mexico City,Central Mexico,8,2024,1267,90,2.3,4.1,1.8,12.4,5.2,8.7,6.3,18.6,7.8
H001,Hospital General de México,Mexico,Mexico City,Central Mexico,9,2024,1241,87,2.2,3.9,1.7,12.0,5.1,8.4,6.0,18.2,7.6
H001,Hospital General de México,Mexico,Mexico City,Central Mexico,10,2024,1278,92,2.3,4.1,1.8,12.4,5.2,8.7,6.2,18.7,7.9
H001,Hospital General de México,Mexico,Mexico City,Central Mexico,11,2024,1254,89,2.2,4.0,1.8,12.2,5.2,8.6,6.1,18.4,7.7
H001,Hospital General de México,Mexico,Mexico City,Central Mexico,12,2024,1296,94,2.4,4.2,1.9,12.7,5.3,9.0,6.5,19.1,8.1
H001,Hospital General de México,Mexico,Mexico City,Central Mexico,1,2025,1265,90,2.1,3.8,1.6,11.5,4.9,8.1,5.8,17.5,7.3
H002,Hospital Israelita Albert Einstein,Brazil,São Paulo,Southeast Brazil,1,2024,2145,156,1.2,2.1,0.9,7.8,3.8,4.2,3.1,10.2,5.1
H002,Hospital Israelita Albert Einstein,Brazil,São Paulo,Southeast Brazil,2,2024,2098,149,1.1,2.0,0.8,7.5,3.7,4.0,2.9,9.8,4.9
H002,Hospital Israelita Albert Einstein,Brazil,São Paulo,Southeast Brazil,3,2024,2187,163,1.3,2.2,0.9,8.1,3.9,4.4,3.2,10.5,5.2
H002,Hospital Israelita Albert Einstein,Brazil,São Paulo,Southeast Brazil,4,2024,2134,158,1.2,2.1,0.9,7.9,3.8,4.3,3.1,10.3,5.1
H002,Hospital Israelita Albert Einstein,Brazil,São Paulo,Southeast Brazil,5,2024,2156,160,1.2,2.1,0.9,8.0,3.8,4.3,3.2,10.4,5.2
H002,Hospital Israelita Albert Einstein,Brazil,São Paulo,Southeast Brazil,6,2024,2112,154,1.1,2.0,0.8,7.7,3.7,4.1,3.0,10.0,5.0
H002,Hospital Israelita Albert Einstein,Brazil,São Paulo,Southeast Brazil,7,2024,2178,162,1.3,2.2,0.9,8.1,3.9,4.4,3.2,10.5,5.2
H002,Hospital Israelita Albert Einstein,Brazil,São Paulo,Southeast Brazil,8,2024,2145,157,1.2,2.1,0.9,7.9,3.8,4.2,3.1,10.3,5.1
H002,Hospital Israelita Albert Einstein,Brazil,São Paulo,Southeast Brazil,9,2024,2121,155,1.2,2.0,0.8,7.8,3.8,4.2,3.0,10.1,5.0
H002,Hospital Israelita Albert Einstein,Brazil,São Paulo,Southeast Brazil,10,2024,2167,161,1.2,2.1,0.9,8.0,3.9,4.3,3.2,10.4,5.2
H002,Hospital Israelita Albert Einstein,Brazil,São Paulo,Southeast Brazil,11,2024,2139,158,1.2,2.1,0.9,7.9,3.8,4.3,3.1,10.3,5.1
H002,Hospital Israelita Albert Einstein,Brazil,São Paulo,Southeast Brazil,12,2024,2189,164,1.3,2.2,0.9,8.1,3.9,4.4,3.3,10.6,5.3
H002,Hospital Israelita Albert Einstein,Brazil,São Paulo,Southeast Brazil,1,2025,2158,159,1.1,1.9,0.8,7.3,3.6,3.9,2.8,9.5,4.8
H003,Clínica Alemana,Chile,Santiago,Metropolitan Santiago,1,2024,1567,112,1.5,2.6,1.1,9.2,4.3,5.4,4.2,12.8,6.1
H003,Clínica Alemana,Chile,Santiago,Metropolitan Santiago,2,2024,1523,108,1.4,2.5,1.0,8.9,4.2,5.2,4.0,12.4,5.9
H003,Clínica Alemana,Chile,Santiago,Metropolitan Santiago,3,2024,1598,116,1.6,2.7,1.1,9.5,4.4,5.6,4.3,13.1,6.3
H003,Clínica Alemana,Chile,Santiago,Metropolitan Santiago,4,2024,1578,114,1.5,2.6,1.1,9.3,4.3,5.5,4.2,12.9,6.2
H003,Clínica Alemana,Chile,Santiago,Metropolitan Santiago,5,2024,1589,115,1.5,2.6,1.1,9.4,4.3,5.5,4.3,13.0,6.2
H003,Clínica Alemana,Chile,Santiago,Metropolitan Santiago,6,2024,1545,110,1.4,2.5,1.0,9.0,4.2,5.3,4.1,12.5,6.0
H003,Clínica Alemana,Chile,Santiago,Metropolitan Santiago,7,2024,1592,115,1.6,2.7,1.1,9.4,4.4,5.6,4.3,13.0,6.3
H003,Clínica Alemana,Chile,Santiago,Metropolitan Santiago,8,2024,1574,113,1.5,2.6,1.1,9.2,4.3,5.4,4.2,12.8,6.1
H003,Clínica Alemana,Chile,Santiago,Metropolitan Santiago,9,2024,1556,111,1.5,2.5,1.0,9.1,4.3,5.3,4.1,12.6,6.0
H003,Clínica Alemana,Chile,Santiago,Metropolitan Santiago,10,2024,1585,114,1.5,2.6,1.1,9.3,4.3,5.5,4.2,12.9,6.2
H003,Clínica Alemana,Chile,Santiago,Metropolitan Santiago,11,2024,1568,112,1.5,2.6,1.1,9.2,4.3,5.4,4.2,12.8,6.1
H003,Clínica Alemana,Chile,Santiago,Metropolitan Santiago,12,2024,1601,117,1.6,2.7,1.1,9.5,4.4,5.6,4.4,13.2,6.3
H003,Clínica Alemana,Chile,Santiago,Metropolitan Santiago,1,2025,1579,113,1.4,2.4,1.0,8.7,4.1,5.1,3.9,12.1,5.8
H004,Hospital San Vicente de Paúl,Colombia,Medellín,Antioquia,1,2024,987,68,3.8,6.2,3.1,16.7,6.8,14.2,9.5,24.3,9.7
H004,Hospital San Vicente de Paúl,Colombia,Medellín,Antioquia,2,2024,945,64,3.6,6.0,2.9,16.2,6.6,13.8,9.1,23.7,9.4
H004,Hospital San Vicente de Paúl,Colombia,Medellín,Antioquia,3,2024,1024,71,4.0,6.5,3.2,17.3,7.1,14.8,9.9,25.1,10.1
H004,Hospital San Vicente de Paúl,Colombia,Medellín,Antioquia,4,2024,1002,69,3.9,6.3,3.1,16.9,6.9,14.4,9.6,24.5,9.8
H004,Hospital San Vicente de Paúl,Colombia,Medellín,Antioquia,5,2024,1011,70,3.9,6.4,3.2,17.1,7.0,14.6,9.8,24.8,10.0
H004,Hospital San Vicente de Paúl,Colombia,Medellín,Antioquia,6,2024,976,67,3.7,6.1,3.0,16.5,6.7,14.0,9.3,24.0,9.6
H004,Hospital San Vicente de Paúl,Colombia,Medellín,Antioquia,7,2024,1018,71,4.0,6.5,3.2,17.2,7.0,14.7,9.8,25.0,10.0
H004,Hospital San Vicente de Paúl,Colombia,Medellín,Antioquia,8,2024,998,69,3.8,6.3,3.1,16.8,6.9,14.3,9.6,24.4,9.8
H004,Hospital San Vicente de Paúl,Colombia,Medellín,Antioquia,9,2024,982,68,3.7,6.2,3.0,16.6,6.8,14.1,9.4,24.1,9.6
H004,Hospital San Vicente de Paúl,Colombia,Medellín,Antioquia,10,2024,1007,70,3.9,6.4,3.1,17.0,6.9,14.5,9.7,24.7,9.9
H004,Hospital San Vicente de Paúl,Colombia,Medellín,Antioquia,11,2024,993,69,3.8,6.3,3.1,16.8,6.8,14.3,9.5,24.4,9.7
H004,Hospital San Vicente de Paúl,Colombia,Medellín,Antioquia,12,2024,1026,72,4.1,6.6,3.3,17.4,7.1,14.9,10.0,25.2,10.2
H004,Hospital San Vicente de Paúl,Colombia,Medellín,Antioquia,1,2025,1001,69,3.6,5.9,2.9,15.8,6.5,13.5,8.9,23.2,9.2
H005,Hospital Maciel,Uruguay,Montevideo,Montevideo,1,2024,743,51,2.8,4.7,2.3,13.8,5.9,10.5,7.1,20.2,8.4
H005,Hospital Maciel,Uruguay,Montevideo,Montevideo,2,2024,712,48,2.6,4.5,2.1,13.3,5.7,10.1,6.8,19.6,8.1
H005,Hospital Maciel,Uruguay,Montevideo,Montevideo,3,2024,768,53,2.9,4.9,2.4,14.3,6.1,11.0,7.4,20.8,8.7
H005,Hospital Maciel,Uruguay,Montevideo,Montevideo,4,2024,751,52,2.8,4.8,2.3,14.0,6.0,10.7,7.2,20.5,8.5
H005,Hospital Maciel,Uruguay,Montevideo,Montevideo,5,2024,759,52,2.9,4.8,2.3,14.1,6.0,10.8,7.3,20.6,8.6
H005,Hospital Maciel,Uruguay,Montevideo,Montevideo,6,2024,728,50,2.7,4.6,2.2,13.5,5.8,10.3,6.9,19.9,8.2
H005,Hospital Maciel,Uruguay,Montevideo,Montevideo,7,2024,764,53,2.9,4.9,2.4,14.2,6.1,10.9,7.3,20.7,8.7
H005,Hospital Maciel,Uruguay,Montevideo,Montevideo,8,2024,748,52,2.8,4.7,2.3,13.9,5.9,10.6,7.2,20.4,8.5
H005,Hospital Maciel,Uruguay,Montevideo,Montevideo,9,2024,735,51,2.7,4.6,2.2,13.7,5.8,10.4,7.0,20.1,8.3
H005,Hospital Maciel,Uruguay,Montevideo,Montevideo,10,2024,756,52,2.8,4.8,2.3,14.0,6.0,10.7,7.2,20.5,8.6
H005,Hospital Maciel,Uruguay,Montevideo,Montevideo,11,2024,745,51,2.8,4.7,2.3,13.8,5.9,10.5,7.1,20.3,8.4
H005,Hospital Maciel,Uruguay,Montevideo,Montevideo,12,2024,770,54,3.0,4.9,2.4,14.4,6.1,11.1,7.5,20.9,8.8
H005,Hospital Maciel,Uruguay,Montevideo,Montevideo,1,2025,752,52,2.6,4.4,2.1,13.1,5.6,9.9,6.6,19.2,7.9
H006,Hospital Italiano,Argentina,Buenos Aires,Buenos Aires Province,1,2024,1834,129,1.8,3.1,1.4,10.5,4.7,6.8,5.1,14.7,6.8
H006,Hospital Italiano,Argentina,Buenos Aires,Buenos Aires Province,2,2024,1789,125,1.7,3.0,1.3,10.1,4.6,6.5,4.9,14.2,6.6
H006,Hospital Italiano,Argentina,Buenos Aires,Buenos Aires Province,3,2024,1872,133,1.9,3.2,1.4,10.9,4.8,7.1,5.3,15.2,7.0
H006,Hospital Italiano,Argentina,Buenos Aires,Buenos Aires Province,4,2024,1845,131,1.8,3.1,1.4,10.7,4.7,6.9,5.2,14.9,6.9
H006,Hospital Italiano,Argentina,Buenos Aires,Buenos Aires Province,5,2024,1858,132,1.8,3.2,1.4,10.8,4.8,7.0,5.2,15.0,6.9
H006,Hospital Italiano,Argentina,Buenos Aires,Buenos Aires Province,6,2024,1812,127,1.7,3.0,1.3,10.3,4.6,6.6,5.0,14.4,6.7
H006,Hospital Italiano,Argentina,Buenos Aires,Buenos Aires Province,7,2024,1867,132,1.9,3.2,1.4,10.8,4.8,7.1,5.3,15.1,7.0
H006,Hospital Italiano,Argentina,Buenos Aires,Buenos Aires Province,8,2024,1842,130,1.8,3.1,1.4,10.6,4.7,6.9,5.1,14.8,6.8
H006,Hospital Italiano,Argentina,Buenos Aires,Buenos Aires Province,9,2024,1823,128,1.7,3.1,1.3,10.4,4.7,6.7,5.0,14.5,6.7
H006,Hospital Italiano,Argentina,Buenos Aires,Buenos Aires Province,10,2024,1854,131,1.8,3.2,1.4,10.7,4.8,6.9,5.2,14.9,6.9
H006,Hospital Italiano,Argentina,Buenos Aires,Buenos Aires Province,11,2024,1837,129,1.8,3.1,1.4,10.6,4.7,6.8,5.1,14.7,6.8
H006,Hospital Italiano,Argentina,Buenos Aires,Buenos Aires Province,12,2024,1875,134,1.9,3.2,1.4,11.0,4.8,7.2,5.3,15.3,7.1
H006,Hospital Italiano,Argentina,Buenos Aires,Buenos Aires Province,1,2025,1848,130,1.6,2.9,1.2,9.8,4.5,6.3,4.7,13.9,6.5
H007,Hospital Cayetano Heredia,Peru,Lima,Lima Region,1,2024,1123,78,3.1,5.3,2.6,15.2,6.3,12.1,7.8,22.4,9.1
H007,Hospital Cayetano Heredia,Peru,Lima,Lima Region,2,2024,1087,75,2.9,5.1,2.4,14.7,6.1,11.7,7.5,21.8,8.8
H007,Hospital Cayetano Heredia,Peru,Lima,Lima Region,3,2024,1156,81,3.2,5.5,2.7,15.7,6.5,12.6,8.1,23.1,9.4
H007,Hospital Cayetano Heredia,Peru,Lima,Lima Region,4,2024,1134,79,3.1,5.4,2.6,15.4,6.4,12.3,7.9,22.7,9.2
H007,Hospital Cayetano Heredia,Peru,Lima,Lima Region,5,2024,1145,80,3.2,5.4,2.7,15.6,6.4,12.5,8.0,22.9,9.3
H007,Hospital Cayetano Heredia,Peru,Lima,Lima Region,6,2024,1102,77,3.0,5.2,2.5,15.0,6.2,11.9,7.6,22.1,8.9
H007,Hospital Cayetano Heredia,Peru,Lima,Lima Region,7,2024,1151,81,3.2,5.5,2.7,15.6,6.5,12.5,8.1,23.0,9.4
H007,Hospital Cayetano Heredia,Peru,Lima,Lima Region,8,2024,1129,79,3.1,5.3,2.6,15.3,6.3,12.2,7.9,22.5,9.1
H007,Hospital Cayetano Heredia,Peru,Lima,Lima Region,9,2024,1115,78,3.0,5.3,2.5,15.1,6.3,12.0,7.7,22.3,9.0
H007,Hospital Cayetano Heredia,Peru,Lima,Lima Region,10,2024,1140,80,3.1,5.4,2.6,15.5,6.4,12.4,8.0,22.8,9.3
H007,Hospital Cayetano Heredia,Peru,Lima,Lima Region,11,2024,1126,79,3.1,5.3,2.6,15.3,6.3,12.2,7.8,22.5,9.1
H007,Hospital Cayetano Heredia,Peru,Lima,Lima Region,12,2024,1159,82,3.3,5.6,2.8,15.8,6.5,12.7,8.2,23.2,9.5
H007,Hospital Cayetano Heredia,Peru,Lima,Lima Region,1,2025,1135,79,2.9,5.0,2.4,14.4,6.0,11.4,7.3,21.4,8.7
H008,Hospital México,Costa Rica,San José,San José Province,1,2024,892,61,2.5,4.3,2.0,12.9,5.5,9.3,6.4,18.7,7.8
H008,Hospital México,Costa Rica,San José,San José Province,2,2024,856,58,2.3,4.1,1.9,12.4,5.3,8.9,6.1,18.1,7.5
H008,Hospital México,Costa Rica,San José,San José Province,3,2024,923,64,2.6,4.5,2.1,13.4,5.7,9.7,6.7,19.3,8.1
H008,Hospital México,Costa Rica,San José,San José Province,4,2024,904,62,2.5,4.4,2.0,13.1,5.6,9.5,6.5,18.9,7.9
H008,Hospital México,Costa Rica,San José,San José Province,5,2024,912,63,2.6,4.4,2.1,13.3,5.6,9.6,6.6,19.1,8.0
H008,Hospital México,Costa Rica,San José,San José Province,6,2024,878,60,2.4,4.2,1.9,12.7,5.4,9.1,6.3,18.4,7.7
H008,Hospital México,Costa Rica,San José,San José Province,7,2024,918,63,2.6,4.5,2.1,13.3,5.7,9.7,6.6,19.2,8.1
H008,Hospital México,Costa Rica,San José,San José Province,8,2024,899,62,2.5,4.3,2.0,13.0,5.5,9.4,6.5,18.8,7.9
H008,Hospital México,Costa Rica,San José,San José Province,9,2024,886,61,2.4,4.3,2.0,12.8,5.5,9.2,6.4,18.6,7.8
H008,Hospital México,Costa Rica,San José,San José Province,10,2024,909,63,2.5,4.4,2.1,13.2,5.6,9.5,6.6,19.0,8.0
H008,Hospital México,Costa Rica,San José,San José Province,11,2024,895,62,2.5,4.3,2.0,13.0,5.5,9.3,6.4,18.8,7.8
H008,Hospital México,Costa Rica,San José,San José Province,12,2024,925,65,2.7,4.5,2.1,13.5,5.7,9.8,6.8,19.4,8.2
H008,Hospital México,Costa Rica,San José,San José Province,1,2025,906,62,2.3,4.0,1.8,12.1,5.2,8.7,6.0,17.8,7.4
H009,Hospital Roosevelt,Guatemala,Guatemala City,Guatemala Department,1,2024,678,45,4.5,7.3,3.7,19.8,7.9,16.8,11.2,28.5,11.3
H009,Hospital Roosevelt,Guatemala,Guatemala City,Guatemala Department,2,2024,645,42,4.2,7.0,3.5,19.1,7.6,16.2,10.7,27.6,10.9
H009,Hospital Roosevelt,Guatemala,Guatemala City,Guatemala Department,3,2024,702,47,4.7,7.6,3.9,20.5,8.2,17.5,11.7,29.5,11.7
H009,Hospital Roosevelt,Guatemala,Guatemala City,Guatemala Department,4,2024,687,46,4.6,7.4,3.8,20.1,8.0,17.1,11.4,29.0,11.5
H009,Hospital Roosevelt,Guatemala,Guatemala City,Guatemala Department,5,2024,694,46,4.6,7.5,3.8,20.3,8.1,17.3,11.5,29.2,11.6
H009,Hospital Roosevelt,Guatemala,Guatemala City,Guatemala Department,6,2024,662,44,4.3,7.1,3.6,19.5,7.7,16.5,10.9,28.0,11.1
H009,Hospital Roosevelt,Guatemala,Guatemala City,Guatemala Department,7,2024,698,47,4.7,7.6,3.9,20.4,8.2,17.4,11.6,29.4,11.7
H009,Hospital Roosevelt,Guatemala,Guatemala City,Guatemala Department,8,2024,683,45,4.5,7.3,3.7,19.9,7.9,16.9,11.3,28.6,11.4
H009,Hospital Roosevelt,Guatemala,Guatemala City,Guatemala Department,9,2024,672,45,4.4,7.2,3.6,19.7,7.8,16.6,11.1,28.3,11.2
H009,Hospital Roosevelt,Guatemala,Guatemala City,Guatemala Department,10,2024,691,46,4.6,7.5,3.8,20.2,8.1,17.2,11.5,29.1,11.6
H009,Hospital Roosevelt,Guatemala,Guatemala City,Guatemala Department,11,2024,680,45,4.5,7.3,3.7,19.9,7.9,16.8,11.2,28.6,11.3
H009,Hospital Roosevelt,Guatemala,Guatemala City,Guatemala Department,12,2024,705,48,4.8,7.7,3.9,20.6,8.3,17.6,11.8,29.6,11.8
H009,Hospital Roosevelt,Guatemala,Guatemala City,Guatemala Department,1,2025,689,46,4.2,6.8,3.4,18.7,7.4,15.8,10.5,27.1,10.7
H010,Hospital Escuela,Honduras,Tegucigalpa,Francisco Morazán,1,2024,543,36,5.2,8.4,4.3,21.7,8.6,18.9,12.8,31.2,12.5
H010,Hospital Escuela,Honduras,Tegucigalpa,Francisco Morazán,2,2024,518,34,4.9,8.1,4.0,21.0,8.3,18.2,12.3,30.2,12.1
H010,Hospital Escuela,Honduras,Tegucigalpa,Francisco Morazán,3,2024,564,38,5.4,8.7,4.5,22.4,8.9,19.6,13.3,32.3,13.0
H010,Hospital Escuela,Honduras,Tegucigalpa,Francisco Morazán,4,2024,551,37,5.3,8.5,4.4,22.0,8.7,19.2,13.0,31.7,12.7
H010,Hospital Escuela,Honduras,Tegucigalpa,Francisco Morazán,5,2024,557,37,5.3,8.6,4.4,22.2,8.8,19.4,13.1,31.9,12.8
H010,Hospital Escuela,Honduras,Tegucigalpa,Francisco Morazán,6,2024,531,35,5.0,8.2,4.1,21.3,8.4,18.5,12.5,30.6,12.3
H010,Hospital Escuela,Honduras,Tegucigalpa,Francisco Morazán,7,2024,560,38,5.4,8.7,4.5,22.3,8.9,19.5,13.2,32.2,12.9
H010,Hospital Escuela,Honduras,Tegucigalpa,Francisco Morazán,8,2024,548,37,5.2,8.5,4.3,21.8,8.7,19.0,12.9,31.3,12.6
H010,Hospital Escuela,Honduras,Tegucigalpa,Francisco Morazán,9,2024,539,36,5.1,8.3,4.2,21.5,8.6,18.7,12.7,31.0,12.4
H010,Hospital Escuela,Honduras,Tegucigalpa,Francisco Morazán,10,2024,554,37,5.3,8.6,4.4,22.1,8.8,19.3,13.1,31.8,12.8
H010,Hospital Escuela,Honduras,Tegucigalpa,Francisco Morazán,11,2024,545,36,5.2,8.4,4.3,21.7,8.6,18.9,12.8,31.3,12.5
H010,Hospital Escuela,Honduras,Tegucigalpa,Francisco Morazán,12,2024,567,39,5.5,8.8,4.5,22.5,9.0,19.7,13.4,32.5,13.1
H010,Hospital Escuela,Honduras,Tegucigalpa,Francisco Morazán,1,2025,552,37,4.9,7.9,3.9,20.4,8.1,17.7,12.0,29.7,11.9
H011,Hospital Universitario de Caracas,Venezuela,Caracas,Capital District,1,2024,423,28,6.8,10.5,5.6,26.4,10.8,24.1,16.2,38.7,15.8
H011,Hospital Universitario de Caracas,Venezuela,Caracas,Capital District,2,2024,402,26,6.4,10.1,5.3,25.5,10.4,23.2,15.5,37.4,15.2
H011,Hospital Universitario de Caracas,Venezuela,Caracas,Capital District,3,2024,439,29,7.1,10.9,5.8,27.3,11.2,25.0,16.9,40.1,16.4
H011,Hospital Universitario de Caracas,Venezuela,Caracas,Capital District,4,2024,429,28,6.9,10.7,5.7,26.8,11.0,24.5,16.5,39.3,16.0
H011,Hospital Universitario de Caracas,Venezuela,Caracas,Capital District,5,2024,434,29,7.0,10.8,5.7,27.0,11.1,24.7,16.7,39.7,16.2
H011,Hospital Universitario de Caracas,Venezuela,Caracas,Capital District,6,2024,413,27,6.6,10.3,5.4,26.0,10.6,23.6,15.9,38.0,15.5
H011,Hospital Universitario de Caracas,Venezuela,Caracas,Capital District,7,2024,436,29,7.1,10.9,5.8,27.2,11.2,24.9,16.8,40.0,16.3
H011,Hospital Universitario de Caracas,Venezuela,Caracas,Capital District,8,2024,426,28,6.9,10.6,5.6,26.6,10.9,24.3,16.4,39.1,16.0
H011,Hospital Universitario de Caracas,Venezuela,Caracas,Capital District,9,2024,419,28,6.7,10.4,5.5,26.2,10.7,23.9,16.1,38.5,15.7
H011,Hospital Universitario de Caracas,Venezuela,Caracas,Capital District,10,2024,432,29,7.0,10.8,5.7,27.1,11.1,24.8,16.6,39.8,16.2
H011,Hospital Universitario de Caracas,Venezuela,Caracas,Capital District,11,2024,424,28,6.8,10.6,5.6,26.5,10.8,24.2,16.2,38.9,15.9
H011,Hospital Universitario de Caracas,Venezuela,Caracas,Capital District,12,2024,441,30,7.2,11.0,5.9,27.5,11.3,25.2,17.0,40.3,16.5
H011,Hospital Universitario de Caracas,Venezuela,Caracas,Capital District,1,2025,430,28,6.4,9.8,5.2,24.9,10.2,22.8,15.2,36.8,15.0
H012,Hospital das Clínicas,Brazil,São Paulo,Southeast Brazil,1,2024,2687,189,2.1,3.6,1.6,11.3,4.9,7.5,5.8,15.4,6.9
H012,Hospital das Clínicas,Brazil,São Paulo,Southeast Brazil,2,2024,2623,184,2.0,3.5,1.5,10.9,4.8,7.2,5.5,14.9,6.7
H012,Hospital das Clínicas,Brazil,São Paulo,Southeast Brazil,3,2024,2745,194,2.2,3.8,1.7,11.7,5.1,7.9,6.1,16.0,7.2
H012,Hospital das Clínicas,Brazil,São Paulo,Southeast Brazil,4,2024,2698,191,2.1,3.7,1.6,11.5,5.0,7.6,5.9,15.6,7.0
H012,Hospital das Clínicas,Brazil,São Paulo,Southeast Brazil,5,2024,2718,193,2.2,3.7,1.7,11.6,5.0,7.8,6.0,15.8,7.1
H012,Hospital das Clínicas,Brazil,São Paulo,Southeast Brazil,6,2024,2654,187,2.0,3.5,1.6,11.1,4.9,7.3,5.7,15.1,6.8
H012,Hospital das Clínicas,Brazil,São Paulo,Southeast Brazil,7,2024,2738,194,2.2,3.8,1.7,11.7,5.1,7.8,6.1,15.9,7.2
H012,Hospital das Clínicas,Brazil,São Paulo,Southeast Brazil,8,2024,2694,190,2.1,3.6,1.6,11.4,4.9,7.6,5.9,15.5,6.9
H012,Hospital das Clínicas,Brazil,São Paulo,Southeast Brazil,9,2024,2671,188,2.1,3.6,1.6,11.2,4.9,7.4,5.8,15.3,6.9
H012,Hospital das Clínicas,Brazil,São Paulo,Southeast Brazil,10,2024,2713,192,2.1,3.7,1.7,11.6,5.0,7.7,6.0,15.7,7.1
H012,Hospital das Clínicas,Brazil,São Paulo,Southeast Brazil,11,2024,2689,189,2.1,3.6,1.6,11.4,4.9,7.5,5.8,15.4,6.9
H012,Hospital das Clínicas,Brazil,São Paulo,Southeast Brazil,12,2024,2750,195,2.3,3.8,1.7,11.8,5.1,8.0,6.2,16.1,7.3
H012,Hospital das Clínicas,Brazil,São Paulo,Southeast Brazil,1,2025,2703,191,1.9,3.4,1.5,10.6,4.7,7.0,5.4,14.6,6.5
H013,Hospital Privado Universitario,Argentina,Córdoba,Córdoba Province,1,2024,1456,102,1.9,3.3,1.5,10.8,4.8,7.1,5.4,15.2,7.0
H013,Hospital Privado Universitario,Argentina,Córdoba,Córdoba Province,2,2024,1419,99,1.8,3.2,1.4,10.4,4.7,6.8,5.2,14.7,6.8
H013,Hospital Privado Universitario,Argentina,Córdoba,Córdoba Province,3,2024,1487,105,2.0,3.4,1.5,11.2,5.0,7.4,5.6,15.7,7.2
H013,Hospital Privado Universitario,Argentina,Córdoba,Córdoba Province,4,2024,1463,103,1.9,3.3,1.5,11.0,4.9,7.2,5.5,15.4,7.1
H013,Hospital Privado Universitario,Argentina,Córdoba,Córdoba Province,5,2024,1474,104,2.0,3.4,1.5,11.1,4.9,7.3,5.5,15.5,7.1
H013,Hospital Privado Universitario,Argentina,Córdoba,Córdoba Province,6,2024,1437,101,1.8,3.2,1.4,10.6,4.8,6.9,5.3,14.9,6.9
H013,Hospital Privado Universitario,Argentina,Córdoba,Córdoba Province,7,2024,1481,104,2.0,3.4,1.5,11.1,4.9,7.4,5.6,15.6,7.2
H013,Hospital Privado Universitario,Argentina,Córdoba,Córdoba Province,8,2024,1460,103,1.9,3.3,1.5,10.9,4.9,7.2,5.4,15.3,7.0
H013,Hospital Privado Universitario,Argentina,Córdoba,Córdoba Province,9,2024,1447,102,1.9,3.3,1.4,10.7,4.8,7.0,5.3,15.1,6.9
H013,Hospital Privado Universitario,Argentina,Córdoba,Córdoba Province,10,2024,1470,104,1.9,3.3,1.5,11.0,4.9,7.3,5.5,15.5,7.1
H013,Hospital Privado Universitario,Argentina,Córdoba,Córdoba Province,11,2024,1458,102,1.9,3.3,1.5,10.9,4.8,7.1,5.4,15.3,7.0
H013,Hospital Privado Universitario,Argentina,Córdoba,Córdoba Province,12,2024,1490,106,2.1,3.5,1.6,11.3,5.0,7.5,5.7,15.8,7.3
H013,Hospital Privado Universitario,Argentina,Córdoba,Córdoba Province,1,2025,1465,103,1.7,3.0,1.3,10.1,4.6,6.6,5.0,14.4,6.7
H014,Hospital Sírio-Libanês,Brazil,São Paulo,Southeast Brazil,1,2024,1723,121,1.0,1.8,0.7,7.1,3.5,3.6,2.6,9.1,4.7
H014,Hospital Sírio-Libanês,Brazil,São Paulo,Southeast Brazil,2,2024,1682,118,0.9,1.7,0.6,6.8,3.4,3.4,2.4,8.7,4.5
H014,Hospital Sírio-Libanês,Brazil,São Paulo,Southeast Brazil,3,2024,1759,124,1.1,1.9,0.7,7.4,3.6,3.8,2.7,9.5,4.9
H014,Hospital Sírio-Libanês,Brazil,São Paulo,Southeast Brazil,4,2024,1734,122,1.0,1.8,0.7,7.2,3.5,3.7,2.6,9.3,4.8
H014,Hospital Sírio-Libanês,Brazil,São Paulo,Southeast Brazil,5,2024,1745,123,1.0,1.9,0.7,7.3,3.6,3.7,2.7,9.4,4.8
H014,Hospital Sírio-Libanês,Brazil,São Paulo,Southeast Brazil,6,2024,1703,120,1.0,1.8,0.7,7.0,3.5,3.5,2.5,9.0,4.6
H014,Hospital Sírio-Libanês,Brazil,São Paulo,Southeast Brazil,7,2024,1754,124,1.1,1.9,0.7,7.4,3.6,3.8,2.7,9.5,4.9
H014,Hospital Sírio-Libanês,Brazil,São Paulo,Southeast Brazil,8,2024,1731,122,1.0,1.8,0.7,7.2,3.5,3.6,2.6,9.2,4.7
H014,Hospital Sírio-Libanês,Brazil,São Paulo,Southeast Brazil,9,2024,1715,121,1.0,1.8,0.7,7.1,3.5,3.6,2.6,9.1,4.7
H014,Hospital Sírio-Libanês,Brazil,São Paulo,Southeast Brazil,10,2024,1742,123,1.0,1.9,0.7,7.3,3.6,3.7,2.7,9.3,4.8
H014,Hospital Sírio-Libanês,Brazil,São Paulo,Southeast Brazil,11,2024,1725,121,1.0,1.8,0.7,7.1,3.5,3.6,2.6,9.2,4.7
H014,Hospital Sírio-Libanês,Brazil,São Paulo,Southeast Brazil,12,2024,1762,125,1.1,1.9,0.8,7.5,3.6,3.9,2.8,9.6,5.0
H014,Hospital Sírio-Libanês,Brazil,São Paulo,Southeast Brazil,1,2025,1738,122,0.9,1.6,0.6,6.6,3.3,3.3,2.3,8.5,4.4
H015,Fundación Cardioinfantil,Colombia,Bogotá,Cundinamarca,1,2024,1612,113,1.6,2.8,1.2,9.7,4.5,6.1,4.6,13.5,6.4
H015,Fundación Cardioinfantil,Colombia,Bogotá,Cundinamarca,2,2024,1573,110,1.5,2.7,1.1,9.3,4.4,5.8,4.4,13.0,6.2
H015,Fundación Cardioinfantil,Colombia,Bogotá,Cundinamarca,3,2024,1647,116,1.7,2.9,1.2,10.1,4.6,6.4,4.8,14.0,6.6
H015,Fundación Cardioinfantil,Colombia,Bogotá,Cundinamarca,4,2024,1623,114,1.6,2.8,1.2,9.9,4.5,6.2,4.7,13.7,6.5
H015,Fundación Cardioinfantil,Colombia,Bogotá,Cundinamarca,5,2024,1634,115,1.7,2.9,1.2,10.0,4.6,6.3,4.7,13.8,6.5
H015,Fundación Cardioinfantil,Colombia,Bogotá,Cundinamarca,6,2024,1593,112,1.5,2.7,1.1,9.5,4.4,5.9,4.5,13.2,6.3
H015,Fundación Cardioinfantil,Colombia,Bogotá,Cundinamarca,7,2024,1641,115,1.7,2.9,1.2,10.0,4.6,6.3,4.8,13.9,6.6
H015,Fundación Cardioinfantil,Colombia,Bogotá,Cundinamarca,8,2024,1619,114,1.6,2.8,1.2,9.8,4.5,6.2,4.7,13.6,6.4
H015,Fundación Cardioinfantil,Colombia,Bogotá,Cundinamarca,9,2024,1604,113,1.6,2.8,1.1,9.6,4.5,6.0,4.6,13.4,6.3
H015,Fundación Cardioinfantil,Colombia,Bogotá,Cundinamarca,10,2024,1630,115,1.6,2.9,1.2,9.9,4.6,6.3,4.7,13.8,6.5
H015,Fundación Cardioinfantil,Colombia,Bogotá,Cundinamarca,11,2024,1614,113,1.6,2.8,1.2,9.7,4.5,6.1,4.6,13.5,6.4
H015,Fundación Cardioinfantil,Colombia,Bogotá,Cundinamarca,12,2024,1650,117,1.7,3.0,1.3,10.2,4.7,6.5,4.9,14.1,6.7
H015,Fundación Cardioinfantil,Colombia,Bogotá,Cundinamarca,1,2025,1625,114,1.4,2.6,1.0,9.1,4.3,5.6,4.2,12.7,6.0
H016,Hospital CIMA,Costa Rica,San José,San José Province,1,2024,1289,90,1.4,2.4,1.0,8.9,4.1,5.2,3.9,12.1,5.8
H016,Hospital CIMA,Costa Rica,San José,San José Province,2,2024,1257,88,1.3,2.3,0.9,8.6,4.0,5.0,3.7,11.7,5.6
H016,Hospital CIMA,Costa Rica,San José,San José Province,3,2024,1317,93,1.5,2.5,1.0,9.2,4.2,5.4,4.1,12.5,6.0
H016,Hospital CIMA,Costa Rica,San José,San José Province,4,2024,1296,91,1.4,2.4,1.0,9.0,4.1,5.3,3.9,12.3,5.9
H016,Hospital CIMA,Costa Rica,San José,San José Province,5,2024,1306,92,1.4,2.5,1.0,9.1,4.2,5.3,4.0,12.4,5.9
H016,Hospital CIMA,Costa Rica,San José,San José Province,6,2024,1273,89,1.3,2.3,0.9,8.7,4.1,5.1,3.8,11.9,5.7
H016,Hospital CIMA,Costa Rica,San José,San José Province,7,2024,1312,92,1.5,2.5,1.0,9.2,4.2,5.4,4.1,12.5,6.0
H016,Hospital CIMA,Costa Rica,San José,San José Province,8,2024,1292,91,1.4,2.4,1.0,9.0,4.1,5.2,3.9,12.2,5.8
H016,Hospital CIMA,Costa Rica,San José,San José Province,9,2024,1280,90,1.4,2.4,1.0,8.8,4.1,5.1,3.8,12.0,5.7
H016,Hospital CIMA,Costa Rica,San José,San José Province,10,2024,1303,91,1.4,2.5,1.0,9.1,4.2,5.3,4.0,12.3,5.9
H016,Hospital CIMA,Costa Rica,San José,San José Province,11,2024,1290,90,1.4,2.4,1.0,8.9,4.1,5.2,3.9,12.1,5.8
H016,Hospital CIMA,Costa Rica,San José,San José Province,12,2024,1320,93,1.5,2.6,1.1,9.3,4.3,5.5,4.2,12.6,6.1
H016,Hospital CIMA,Costa Rica,San José,San José Province,1,2025,1298,91,1.2,2.2,0.9,8.3,3.9,4.8,3.5,11.4,5.5
H017,Hospital Clínica Bíblica,Costa Rica,San José,San José Province,1,2024,1034,72,1.5,2.6,1.1,9.4,4.3,5.6,4.2,12.8,6.1
H017,Hospital Clínica Bíblica,Costa Rica,San José,San José Province,2,2024,1008,70,1.4,2.5,1.0,9.0,4.2,5.3,4.0,12.3,5.9
H017,Hospital Clínica Bíblica,Costa Rica,San José,San José Province,3,2024,1056,74,1.6,2.7,1.1,9.7,4.4,5.8,4.4,13.3,6.3
H017,Hospital Clínica Bíblica,Costa Rica,San José,San José Province,4,2024,1040,73,1.5,2.6,1.1,9.5,4.3,5.7,4.3,13.0,6.2
H017,Hospital Clínica Bíblica,Costa Rica,San José,San José Province,5,2024,1048,73,1.6,2.7,1.1,9.6,4.4,5.7,4.3,13.1,6.2
H017,Hospital Clínica Bíblica,Costa Rica,San José,San José Province,6,2024,1020,71,1.4,2.5,1.0,9.2,4.2,5.4,4.1,12.5,6.0
H017,Hospital Clínica Bíblica,Costa Rica,San José,San José Province,7,2024,1052,73,1.6,2.7,1.1,9.7,4.4,5.8,4.3,13.2,6.3
H017,Hospital Clínica Bíblica,Costa Rica,San José,San José Province,8,2024,1037,72,1.5,2.6,1.1,9.5,4.3,5.6,4.2,12.9,6.1
H017,Hospital Clínica Bíblica,Costa Rica,San José,San José Province,9,2024,1026,72,1.5,2.6,1.0,9.3,4.3,5.5,4.2,12.6,6.0
H017,Hospital Clínica Bíblica,Costa Rica,San José,San José Province,10,2024,1045,73,1.5,2.7,1.1,9.6,4.4,5.7,4.3,13.1,6.2
H017,Hospital Clínica Bíblica,Costa Rica,San José,San José Province,11,2024,1035,72,1.5,2.6,1.1,9.4,4.3,5.6,4.2,12.8,6.1
H017,Hospital Clínica Bíblica,Costa Rica,San José,San José Province,12,2024,1059,75,1.6,2.8,1.2,9.8,4.5,5.9,4.5,13.4,6.4
H017,Hospital Clínica Bíblica,Costa Rica,San José,San José Province,1,2025,1042,73,1.4,2.4,1.0,8.8,4.1,5.2,3.9,12.0,5.8
H018,Hospital San Juan de Dios,Bolivia,La Paz,La Paz Department,1,2024,789,54,4.1,6.7,3.4,18.3,7.4,15.2,10.1,26.5,10.6
H018,Hospital San Juan de Dios,Bolivia,La Paz,La Paz Department,2,2024,756,51,3.8,6.4,3.2,17.7,7.1,14.6,9.7,25.6,10.2
H018,Hospital San Juan de Dios,Bolivia,La Paz,La Paz Department,3,2024,817,56,4.3,6.9,3.5,18.9,7.7,15.8,10.5,27.4,11.0
H018,Hospital San Juan de Dios,Bolivia,La Paz,La Paz Department,4,2024,800,55,4.2,6.8,3.5,18.6,7.6,15.5,10.3,27.0,10.8
H018,Hospital San Juan de Dios,Bolivia,La Paz,La Paz Department,5,2024,807,56,4.2,6.8,3.5,18.7,7.6,15.6,10.4,27.1,10.9
H018,Hospital San Juan de Dios,Bolivia,La Paz,La Paz Department,6,2024,773,53,4.0,6.5,3.3,18.0,7.3,14.9,9.9,26.1,10.4
H018,Hospital San Juan de Dios,Bolivia,La Paz,La Paz Department,7,2024,813,56,4.3,6.9,3.5,18.8,7.7,15.7,10.4,27.3,10.9
H018,Hospital San Juan de Dios,Bolivia,La Paz,La Paz Department,8,2024,796,55,4.1,6.7,3.4,18.4,7.5,15.3,10.2,26.7,10.7
H018,Hospital San Juan de Dios,Bolivia,La Paz,La Paz Department,9,2024,784,54,4.0,6.6,3.3,18.2,7.4,15.1,10.0,26.4,10.5
H018,Hospital San Juan de Dios,Bolivia,La Paz,La Paz Department,10,2024,804,55,4.2,6.8,3.5,18.7,7.6,15.6,10.3,27.1,10.8
H018,Hospital San Juan de Dios,Bolivia,La Paz,La Paz Department,11,2024,791,54,4.1,6.7,3.4,18.4,7.5,15.2,10.1,26.6,10.6
H018,Hospital San Juan de Dios,Bolivia,La Paz,La Paz Department,12,2024,820,57,4.4,7.0,3.6,19.0,7.8,15.9,10.6,27.5,11.1
H018,Hospital San Juan de Dios,Bolivia,La Paz,La Paz Department,1,2025,802,55,3.8,6.3,3.1,17.3,7.0,14.3,9.5,25.2,10.0
H019,Hospital del Salvador,Chile,Santiago,Metropolitan Santiago,1,2024,1734,122,2.0,3.4,1.6,11.6,5.1,7.7,6.0,16.2,7.3
H019,Hospital del Salvador,Chile,Santiago,Metropolitan Santiago,2,2024,1693,119,1.9,3.3,1.5,11.2,5.0,7.4,5.8,15.7,7.1
H019,Hospital del Salvador,Chile,Santiago,Metropolitan Santiago,3,2024,1770,125,2.1,3.5,1.6,12.0,5.2,8.0,6.2,16.7,7.5
H019,Hospital del Salvador,Chile,Santiago,Metropolitan Santiago,4,2024,1743,123,2.0,3.4,1.6,11.8,5.1,7.8,6.1,16.4,7.4
H019,Hospital del Salvador,Chile,Santiago,Metropolitan Santiago,5,2024,1755,124,2.0,3.5,1.6,11.9,5.2,7.9,6.1,16.5,7.4
H019,Hospital del Salvador,Chile,Santiago,Metropolitan Santiago,6,2024,1712,121,1.9,3.3,1.5,11.4,5.0,7.5,5.9,15.9,7.2
H019,Hospital del Salvador,Chile,Santiago,Metropolitan Santiago,7,2024,1765,124,2.1,3.5,1.6,11.9,5.2,8.0,6.2,16.6,7.5
H019,Hospital del Salvador,Chile,Santiago,Metropolitan Santiago,8,2024,1740,123,2.0,3.4,1.6,11.7,5.1,7.8,6.0,16.3,7.3
H019,Hospital del Salvador,Chile,Santiago,Metropolitan Santiago,9,2024,1724,122,1.9,3.4,1.5,11.5,5.1,7.6,5.9,16.1,7.2
H019,Hospital del Salvador,Chile,Santiago,Metropolitan Santiago,10,2024,1752,124,2.0,3.5,1.6,11.8,5.2,7.9,6.1,16.5,7.4
H019,Hospital del Salvador,Chile,Santiago,Metropolitan Santiago,11,2024,1736,122,2.0,3.4,1.6,11.7,5.1,7.7,6.0,16.2,7.3
H019,Hospital del Salvador,Chile,Santiago,Metropolitan Santiago,12,2024,1773,126,2.1,3.6,1.7,12.1,5.3,8.1,6.3,16.8,7.6
H019,Hospital del Salvador,Chile,Santiago,Metropolitan Santiago,1,2025,1747,123,1.8,3.2,1.4,11.0,4.9,7.2,5.6,15.4,7.0
H020,Hospital General de Agudos,Argentina,Buenos Aires,Buenos Aires Province,1,2024,2156,151,2.2,3.8,1.7,12.1,5.3,8.2,6.3,16.8,7.6
H020,Hospital General de Agudos,Argentina,Buenos Aires,Buenos Aires Province,2,2024,2104,147,2.1,3.6,1.6,11.7,5.2,7.9,6.0,16.3,7.4
H020,Hospital General de Agudos,Argentina,Buenos Aires,Buenos Aires Province,3,2024,2202,155,2.3,3.9,1.8,12.5,5.5,8.6,6.6,17.4,7.9
H020,Hospital General de Agudos,Argentina,Buenos Aires,Buenos Aires Province,4,2024,2168,153,2.2,3.8,1.7,12.3,5.4,8.4,6.4,17.1,7.7
H020,Hospital General de Agudos,Argentina,Buenos Aires,Buenos Aires Province,5,2024,2184,154,2.3,3.9,1.8,12.4,5.4,8.5,6.5,17.2,7.8
H020,Hospital General de Agudos,Argentina,Buenos Aires,Buenos Aires Province,6,2024,2130,150,2.1,3.7,1.7,11.9,5.3,8.0,6.2,16.5,7.5
H020,Hospital General de Agudos,Argentina,Buenos Aires,Buenos Aires Province,7,2024,2196,154,2.3,3.9,1.8,12.4,5.5,8.5,6.6,17.3,7.8
H020,Hospital General de Agudos,Argentina,Buenos Aires,Buenos Aires Province,8,2024,2164,152,2.2,3.8,1.7,12.2,5.3,8.3,6.4,17.0,7.7
H020,Hospital General de Agudos,Argentina,Buenos Aires,Buenos Aires Province,9,2024,2143,151,2.2,3.7,1.7,12.0,5.3,8.1,6.3,16.7,7.6
H020,Hospital General de Agudos,Argentina,Buenos Aires,Buenos Aires Province,10,2024,2180,153,2.2,3.8,1.7,12.3,5.4,8.4,6.5,17.1,7.7
H020,Hospital General de Agudos,Argentina,Buenos Aires,Buenos Aires Province,11,2024,2158,151,2.2,3.8,1.7,12.1,5.3,8.2,6.3,16.9,7.6
H020,Hospital General de Agudos,Argentina,Buenos Aires,Buenos Aires Province,12,2024,2205,156,2.4,4.0,1.8,12.6,5.5,8.7,6.7,17.5,7.9
H020,Hospital General de Agudos,Argentina,Buenos Aires,Buenos Aires Province,1,2025,2172,153,2.0,3.5,1.5,11.4,5.1,7.7,5.9,16.0,7.3
H021,Hospital Base Valdivia,Chile,Valdivia,Los Ríos Region,1,2024,1245,87,2.3,4.0,1.8,12.7,5.6,9.0,6.7,17.8,8.0
H021,Hospital Base Valdivia,Chile,Valdivia,Los Ríos Region,2,2024,1214,85,2.2,3.9,1.7,12.3,5.5,8.7,6.5,17.3,7.8
H021,Hospital Base Valdivia,Chile,Valdivia,Los Ríos Region,3,2024,1272,89,2.4,4.1,1.9,13.1,5.8,9.3,6.9,18.4,8.3
H021,Hospital Base Valdivia,Chile,Valdivia,Los Ríos Region,4,2024,1252,88,2.3,4.0,1.8,12.9,5.7,9.1,6.8,18.1,8.1
H021,Hospital Base Valdivia,Chile,Valdivia,Los Ríos Region,5,2024,1262,88,2.4,4.1,1.8,13.0,5.7,9.2,6.8,18.2,8.2
H021,Hospital Base Valdivia,Chile,Valdivia,Los Ríos Region,6,2024,1229,86,2.2,3.9,1.7,12.5,5.5,8.8,6.6,17.5,7.9
H021,Hospital Base Valdivia,Chile,Valdivia,Los Ríos Region,7,2024,1268,89,2.4,4.1,1.9,13.1,5.8,9.3,6.9,18.3,8.2
H021,Hospital Base Valdivia,Chile,Valdivia,Los Ríos Region,8,2024,1249,87,2.3,4.0,1.8,12.8,5.6,9.0,6.7,17.9,8.0
H021,Hospital Base Valdivia,Chile,Valdivia,Los Ríos Region,9,2024,1237,87,2.3,4.0,1.7,12.6,5.6,8.9,6.6,17.7,7.9
H021,Hospital Base Valdivia,Chile,Valdivia,Los Ríos Region,10,2024,1259,88,2.3,4.1,1.8,12.9,5.7,9.1,6.8,18.1,8.1
H021,Hospital Base Valdivia,Chile,Valdivia,Los Ríos Region,11,2024,1247,87,2.3,4.0,1.8,12.8,5.6,9.0,6.7,17.9,8.0
H021,Hospital Base Valdivia,Chile,Valdivia,Los Ríos Region,12,2024,1275,90,2.5,4.2,1.9,13.2,5.8,9.4,7.0,18.5,8.4
H021,Hospital Base Valdivia,Chile,Valdivia,Los Ríos Region,1,2025,1256,88,2.1,3.7,1.6,12.0,5.4,8.5,6.3,17.1,7.6
H022,Hospital Clínico Universidad Católica,Chile,Santiago,Metropolitan Santiago,1,2024,1923,135,1.3,2.3,1.0,8.5,4.0,4.9,3.6,11.8,5.6
H022,Hospital Clínico Universidad Católica,Chile,Santiago,Metropolitan Santiago,2,2024,1876,132,1.2,2.2,0.9,8.2,3.9,4.7,3.4,11.4,5.4
H022,Hospital Clínico Universidad Católica,Chile,Santiago,Metropolitan Santiago,3,2024,1964,138,1.4,2.4,1.0,8.8,4.1,5.1,3.7,12.2,5.8
H022,Hospital Clínico Universidad Católica,Chile,Santiago,Metropolitan Santiago,4,2024,1935,136,1.3,2.3,1.0,8.6,4.0,5.0,3.6,12.0,5.7
H022,Hospital Clínico Universidad Católica,Chile,Santiago,Metropolitan Santiago,5,2024,1949,137,1.3,2.4,1.0,8.7,4.1,5.0,3.7,12.1,5.7
H022,Hospital Clínico Universidad Católica,Chile,Santiago,Metropolitan Santiago,6,2024,1899,134,1.2,2.2,0.9,8.3,4.0,4.8,3.5,11.6,5.5
H022,Hospital Clínico Universidad Católica,Chile,Santiago,Metropolitan Santiago,7,2024,1959,137,1.4,2.4,1.0,8.8,4.1,5.1,3.7,12.2,5.8
H022,Hospital Clínico Universidad Católica,Chile,Santiago,Metropolitan Santiago,8,2024,1931,136,1.3,2.3,1.0,8.6,4.0,4.9,3.6,11.9,5.6
H022,Hospital Clínico Universidad Católica,Chile,Santiago,Metropolitan Santiago,9,2024,1912,135,1.3,2.3,0.9,8.4,4.0,4.8,3.5,11.7,5.6
H022,Hospital Clínico Universidad Católica,Chile,Santiago,Metropolitan Santiago,10,2024,1945,136,1.3,2.3,1.0,8.7,4.0,5.0,3.6,12.0,5.7
H022,Hospital Clínico Universidad Católica,Chile,Santiago,Metropolitan Santiago,11,2024,1925,135,1.3,2.3,1.0,8.5,4.0,4.9,3.6,11.8,5.6
H022,Hospital Clínico Universidad Católica,Chile,Santiago,Metropolitan Santiago,12,2024,1967,139,1.4,2.4,1.0,8.9,4.2,5.2,3.8,12.3,5.9
H022,Hospital Clínico Universidad Católica,Chile,Santiago,Metropolitan Santiago,1,2025,1938,136,1.2,2.1,0.9,8.0,3.8,4.5,3.3,11.2,5.3
H023,Hospital Universitario Fundación Santa Fe,Colombia,Bogotá,Cundinamarca,1,2024,1845,129,1.5,2.6,1.1,9.3,4.3,5.7,4.3,13.1,6.2
H023,Hospital Universitario Fundación Santa Fe,Colombia,Bogotá,Cundinamarca,2,2024,1801,127,1.4,2.5,1.0,9.0,4.2,5.5,4.1,12.7,6.0
H023,Hospital Universitario Fundación Santa Fe,Colombia,Bogotá,Cundinamarca,3,2024,1884,133,1.6,2.7,1.1,9.6,4.4,5.9,4.5,13.6,6.4
H023,Hospital Universitario Fundación Santa Fe,Colombia,Bogotá,Cundinamarca,4,2024,1857,131,1.5,2.6,1.1,9.4,4.3,5.8,4.4,13.3,6.3
H023,Hospital Universitario Fundación Santa Fe,Colombia,Bogotá,Cundinamarca,5,2024,1869,132,1.5,2.7,1.1,9.5,4.4,5.8,4.4,13.4,6.3
H023,Hospital Universitario Fundación Santa Fe,Colombia,Bogotá,Cundinamarca,6,2024,1823,129,1.4,2.5,1.1,9.1,4.3,5.6,4.2,12.9,6.1
H023,Hospital Universitario Fundación Santa Fe,Colombia,Bogotá,Cundinamarca,7,2024,1879,132,1.6,2.7,1.1,9.6,4.4,5.9,4.5,13.5,6.4
H023,Hospital Universitario Fundación Santa Fe,Colombia,Bogotá,Cundinamarca,8,2024,1853,130,1.5,2.6,1.1,9.4,4.3,5.7,4.3,13.2,6.2
H023,Hospital Universitario Fundación Santa Fe,Colombia,Bogotá,Cundinamarca,9,2024,1835,129,1.5,2.6,1.1,9.2,4.3,5.6,4.3,13.0,6.2
H023,Hospital Universitario Fundación Santa Fe,Colombia,Bogotá,Cundinamarca,10,2024,1865,131,1.5,2.7,1.1,9.5,4.4,5.8,4.4,13.4,6.3
H023,Hospital Universitario Fundación Santa Fe,Colombia,Bogotá,Cundinamarca,11,2024,1847,130,1.5,2.6,1.1,9.3,4.3,5.7,4.3,13.2,6.2
H023,Hospital Universitario Fundación Santa Fe,Colombia,Bogotá,Cundinamarca,12,2024,1887,134,1.6,2.8,1.2,9.7,4.5,6.0,4.6,13.7,6.5
H023,Hospital Universitario Fundación Santa Fe,Colombia,Bogotá,Cundinamarca,1,2025,1860,131,1.3,2.4,1.0,8.7,4.1,5.3,4.0,12.4,5.9
H024,Hospital de Especialidades,Ecuador,Guayaquil,Guayas Province,1,2024,1312,92,3.4,5.7,2.8,16.1,6.7,13.2,8.6,23.6,9.6
H024,Hospital de Especialidades,Ecuador,Guayaquil,Guayas Province,2,2024,1278,89,3.2,5.5,2.7,15.6,6.5,12.7,8.3,22.9,9.3
H024,Hospital de Especialidades,Ecuador,Guayaquil,Guayas Province,3,2024,1342,95,3.5,5.9,2.9,16.7,6.9,13.7,8.9,24.4,9.9
H024,Hospital de Especialidades,Ecuador,Guayaquil,Guayas Province,4,2024,1323,93,3.4,5.8,2.9,16.4,6.8,13.4,8.7,24.0,9.8
H024,Hospital de Especialidades,Ecuador,Guayaquil,Guayas Province,5,2024,1333,94,3.5,5.8,2.9,16.5,6.9,13.6,8.8,24.2,9.8
H024,Hospital de Especialidades,Ecuador,Guayaquil,Guayas Province,6,2024,1295,91,3.3,5.6,2.8,15.9,6.6,13.0,8.5,23.2,9.5
H024,Hospital de Especialidades,Ecuador,Guayaquil,Guayas Province,7,2024,1338,94,3.5,5.9,2.9,16.6,6.9,13.6,8.9,24.3,9.9
H024,Hospital de Especialidades,Ecuador,Guayaquil,Guayas Province,8,2024,1319,92,3.4,5.7,2.8,16.2,6.7,13.3,8.7,23.7,9.7
H024,Hospital de Especialidades,Ecuador,Guayaquil,Guayas Province,9,2024,1306,92,3.3,5.7,2.8,16.0,6.7,13.1,8.6,23.4,9.6
H024,Hospital de Especialidades,Ecuador,Guayaquil,Guayas Province,10,2024,1330,93,3.4,5.8,2.9,16.5,6.8,13.5,8.8,24.1,9.8
H024,Hospital de Especialidades,Ecuador,Guayaquil,Guayas Province,11,2024,1314,92,3.4,5.7,2.8,16.2,6.7,13.2,8.6,23.7,9.6
H024,Hospital de Especialidades,Ecuador,Guayaquil,Guayas Province,12,2024,1345,96,3.6,6.0,3.0,16.8,7.0,13.8,9.0,24.5,10.0
H024,Hospital de Especialidades,Ecuador,Guayaquil,Guayas Province,1,2025,1326,93,3.2,5.4,2.6,15.2,6.4,12.4,8.1,22.5,9.2
H025,Hospital Santo Tomás,Panama,Panama City,Panama Province,1,2024,1456,102,2.7,4.6,2.2,13.6,5.9,10.2,7.0,19.8,8.3
H025,Hospital Santo Tomás,Panama,Panama City,Panama Province,2,2024,1420,99,2.5,4.4,2.1,13.1,5.7,9.8,6.7,19.2,8.0
H025,Hospital Santo Tomás,Panama,Panama City,Panama Province,3,2024,1487,105,2.8,4.8,2.3,14.1,6.1,10.6,7.3,20.5,8.6
H025,Hospital Santo Tomás,Panama,Panama City,Panama Province,4,2024,1464,103,2.7,4.7,2.2,13.8,6.0,10.4,7.1,20.1,8.4
H025,Hospital Santo Tomás,Panama,Panama City,Panama Province,5,2024,1475,104,2.8,4.7,2.3,14.0,6.0,10.5,7.2,20.3,8.5
H025,Hospital Santo Tomás,Panama,Panama City,Panama Province,6,2024,1438,101,2.6,4.5,2.1,13.4,5.8,10.0,6.9,19.5,8.2
H025,Hospital Santo Tomás,Panama,Panama City,Panama Province,7,2024,1482,104,2.8,4.8,2.3,14.0,6.1,10.6,7.3,20.4,8.6
H025,Hospital Santo Tomás,Panama,Panama City,Panama Province,8,2024,1461,102,2.7,4.6,2.2,13.7,5.9,10.3,7.1,20.0,8.4
H025,Hospital Santo Tomás,Panama,Panama City,Panama Province,9,2024,1449,102,2.6,4.6,2.2,13.5,5.9,10.1,7.0,19.7,8.3
H025,Hospital Santo Tomás,Panama,Panama City,Panama Province,10,2024,1472,104,2.7,4.7,2.2,13.9,6.0,10.4,7.2,20.2,8.5
H025,Hospital Santo Tomás,Panama,Panama City,Panama Province,11,2024,1458,102,2.7,4.6,2.2,13.7,5.9,10.2,7.0,19.9,8.3
H025,Hospital Santo Tomás,Panama,Panama City,Panama Province,12,2024,1490,106,2.9,4.9,2.4,14.2,6.2,10.7,7.4,20.6,8.7
H025,Hospital Santo Tomás,Panama,Panama City,Panama Province,1,2025,1467,103,2.5,4.3,2.0,12.9,5.6,9.6,6.5,18.8,7.9
H026,Hospital Universitario de Neiva,Colombia,Neiva,Huila,1,2024,867,60,3.6,6.0,3.0,16.5,6.9,14.0,9.3,24.1,9.8
H026,Hospital Universitario de Neiva,Colombia,Neiva,Huila,2,2024,845,58,3.4,5.8,2.8,16.0,6.7,13.5,9.0,23.4,9.5
H026,Hospital Universitario de Neiva,Colombia,Neiva,Huila,3,2024,886,62,3.7,6.2,3.1,17.1,7.1,14.5,9.6,24.9,10.1
H026,Hospital Universitario de Neiva,Colombia,Neiva,Huila,4,2024,872,61,3.6,6.1,3.0,16.8,7.0,14.2,9.5,24.5,10.0
H026,Hospital Universitario de Neiva,Colombia,Neiva,Huila,5,2024,879,61,3.7,6.1,3.0,16.9,7.0,14.3,9.5,24.7,10.0
H026,Hospital Universitario de Neiva,Colombia,Neiva,Huila,6,2024,856,59,3.5,5.9,2.9,16.3,6.8,13.7,9.2,23.7,9.7
H026,Hospital Universitario de Neiva,Colombia,Neiva,Huila,7,2024,882,62,3.7,6.2,3.1,17.0,7.1,14.4,9.6,24.8,10.1
H026,Hospital Universitario de Neiva,Colombia,Neiva,Huila,8,2024,869,60,3.6,6.0,3.0,16.6,6.9,14.1,9.4,24.2,9.9
H026,Hospital Universitario de Neiva,Colombia,Neiva,Huila,9,2024,860,60,3.5,6.0,2.9,16.4,6.9,13.8,9.3,23.9,9.7
H026,Hospital Universitario de Neiva,Colombia,Neiva,Huila,10,2024,876,61,3.6,6.1,3.0,16.8,7.0,14.3,9.5,24.6,10.0
H026,Hospital Universitario de Neiva,Colombia,Neiva,Huila,11,2024,868,60,3.6,6.0,3.0,16.6,6.9,14.0,9.3,24.2,9.8
H026,Hospital Universitario de Neiva,Colombia,Neiva,Huila,12,2024,889,63,3.8,6.3,3.2,17.2,7.2,14.6,9.7,25.0,10.2
H026,Hospital Universitario de Neiva,Colombia,Neiva,Huila,1,2025,874,61,3.4,5.7,2.7,15.6,6.6,13.2,8.8,23.0,9.4
H027,Hospital San José,Colombia,Bogotá,Cundinamarca,1,2024,1678,118,2.4,4.1,1.9,12.6,5.5,9.1,6.8,18.3,8.0
H027,Hospital San José,Colombia,Bogotá,Cundinamarca,2,2024,1637,115,2.3,3.9,1.8,12.2,5.4,8.8,6.5,17.7,7.8
H027,Hospital San José,Colombia,Bogotá,Cundinamarca,3,2024,1714,121,2.5,4.2,2.0,13.0,5.7,9.4,7.1,18.9,8.3
H027,Hospital San José,Colombia,Bogotá,Cundinamarca,4,2024,1688,119,2.4,4.1,1.9,12.8,5.6,9.2,6.9,18.6,8.1
H027,Hospital San José,Colombia,Bogotá,Cundinamarca,5,2024,1701,120,2.5,4.2,2.0,12.9,5.6,9.3,7.0,18.7,8.2
H027,Hospital San José,Colombia,Bogotá,Cundinamarca,6,2024,1657,117,2.3,4.0,1.9,12.4,5.5,8.9,6.7,18.0,7.9
H027,Hospital San José,Colombia,Bogotá,Cundinamarca,7,2024,1709,120,2.5,4.2,2.0,12.9,5.7,9.4,7.0,18.8,8.2
H027,Hospital San José,Colombia,Bogotá,Cundinamarca,8,2024,1684,118,2.4,4.1,1.9,12.7,5.5,9.2,6.9,18.4,8.1
H027,Hospital San José,Colombia,Bogotá,Cundinamarca,9,2024,1668,117,2.4,4.0,1.9,12.5,5.5,9.0,6.8,18.1,7.9
H027,Hospital San José,Colombia,Bogotá,Cundinamarca,10,2024,1697,119,2.4,4.1,1.9,12.8,5.6,9.3,6.9,18.6,8.1
H027,Hospital San José,Colombia,Bogotá,Cundinamarca,11,2024,1680,118,2.4,4.1,1.9,12.7,5.5,9.1,6.8,18.4,8.0
H027,Hospital San José,Colombia,Bogotá,Cundinamarca,12,2024,1717,122,2.6,4.3,2.0,13.1,5.7,9.5,7.2,19.0,8.4
H027,Hospital San José,Colombia,Bogotá,Cundinamarca,1,2025,1693,119,2.2,3.8,1.7,11.9,5.3,8.5,6.4,17.3,7.6
H028,Hospital Escuela Dr. Roberto Calderón,Nicaragua,Managua,Managua Department,1,2024,612,41,5.6,8.9,4.6,23.1,9.2,20.3,13.5,33.5,13.6
H028,Hospital Escuela Dr. Roberto Calderón,Nicaragua,Managua,Managua Department,2,2024,596,40,5.3,8.6,4.4,22.4,8.9,19.6,13.0,32.4,13.2
H028,Hospital Escuela Dr. Roberto Calderón,Nicaragua,Managua,Managua Department,3,2024,625,42,5.8,9.2,4.8,23.8,9.5,21.0,14.0,34.6,14.1
H028,Hospital Escuela Dr. Roberto Calderón,Nicaragua,Managua,Managua Department,4,2024,616,42,5.7,9.0,4.7,23.4,9.3,20.6,13.7,34.0,13.8
H028,Hospital Escuela Dr. Roberto Calderón,Nicaragua,Managua,Managua Department,5,2024,621,42,5.7,9.1,4.7,23.6,9.4,20.8,13.8,34.3,13.9
H028,Hospital Escuela Dr. Roberto Calderón,Nicaragua,Managua,Managua Department,6,2024,604,41,5.5,8.7,4.5,22.8,9.1,19.9,13.2,32.9,13.4
H028,Hospital Escuela Dr. Roberto Calderón,Nicaragua,Managua,Managua Department,7,2024,623,42,5.8,9.2,4.8,23.7,9.5,20.9,13.9,34.5,14.0
H028,Hospital Escuela Dr. Roberto Calderón,Nicaragua,Managua,Managua Department,8,2024,614,41,5.6,8.9,4.6,23.2,9.2,20.4,13.6,33.6,13.7
H028,Hospital Escuela Dr. Roberto Calderón,Nicaragua,Managua,Managua Department,9,2024,608,41,5.5,8.8,4.5,22.9,9.1,20.1,13.4,33.2,13.5
H028,Hospital Escuela Dr. Roberto Calderón,Nicaragua,Managua,Managua Department,10,2024,619,42,5.7,9.0,4.7,23.5,9.4,20.7,13.8,34.2,13.9
H028,Hospital Escuela Dr. Roberto Calderón,Nicaragua,Managua,Managua Department,11,2024,613,41,5.6,8.9,4.6,23.2,9.2,20.3,13.5,33.6,13.6
H028,Hospital Escuela Dr. Roberto Calderón,Nicaragua,Managua,Managua Department,12,2024,627,43,5.9,9.3,4.9,24.0,9.6,21.2,14.1,34.8,14.2
H028,Hospital Escuela Dr. Roberto Calderón,Nicaragua,Managua,Managua Department,1,2025,618,42,5.3,8.4,4.2,21.8,8.7,19.2,12.7,31.9,13.0
H029,Hospital General de Zona No. 1,Mexico,Tijuana,Baja California,1,2024,1534,108,2.6,4.5,2.1,13.2,5.7,10.0,7.2,19.5,8.2
H029,Hospital General de Zona No. 1,Mexico,Tijuana,Baja California,2,2024,1496,105,2.5,4.3,2.0,12.8,5.6,9.6,6.9,18.9,7.9
H029,Hospital General de Zona No. 1,Mexico,Tijuana,Baja California,3,2024,1567,110,2.7,4.6,2.2,13.6,5.9,10.4,7.5,20.2,8.5
H029,Hospital General de Zona No. 1,Mexico,Tijuana,Baja California,4,2024,1544,109,2.6,4.5,2.1,13.4,5.8,10.2,7.3,19.8,8.3
H029,Hospital General de Zona No. 1,Mexico,Tijuana,Baja California,5,2024,1556,109,2.7,4.6,2.2,13.5,5.8,10.3,7.4,20.0,8.4
H029,Hospital General de Zona No. 1,Mexico,Tijuana,Baja California,6,2024,1517,107,2.5,4.4,2.1,13.0,5.7,9.8,7.1,19.2,8.1
H029,Hospital General de Zona No. 1,Mexico,Tijuana,Baja California,7,2024,1562,110,2.7,4.6,2.2,13.6,5.9,10.3,7.4,20.1,8.4
H029,Hospital General de Zona No. 1,Mexico,Tijuana,Baja California,8,2024,1540,108,2.6,4.5,2.1,13.3,5.7,10.1,7.3,19.7,8.3
H029,Hospital General de Zona No. 1,Mexico,Tijuana,Baja California,9,2024,1527,108,2.6,4.4,2.1,13.1,5.7,9.9,7.2,19.4,8.2
H029,Hospital General de Zona No. 1,Mexico,Tijuana,Baja California,10,2024,1553,109,2.6,4.5,2.1,13.4,5.8,10.2,7.4,19.9,8.4
H029,Hospital General de Zona No. 1,Mexico,Tijuana,Baja California,11,2024,1536,108,2.6,4.5,2.1,13.3,5.7,10.0,7.2,19.6,8.2
H029,Hospital General de Zona No. 1,Mexico,Tijuana,Baja California,12,2024,1570,111,2.8,4.7,2.2,13.7,5.9,10.5,7.6,20.3,8.6
H029,Hospital General de Zona No. 1,Mexico,Tijuana,Baja California,1,2025,1547,109,2.4,4.2,1.9,12.5,5.5,9.4,6.8,18.6,7.8
H030,Hospital Universitario San Ignacio,Colombia,Bogotá,Cundinamarca,1,2024,1789,126,1.7,2.9,1.3,10.1,4.5,6.4,4.7,14.2,6.5
H030,Hospital Universitario San Ignacio,Colombia,Bogotá,Cundinamarca,2,2024,1746,123,1.6,2.8,1.2,9.8,4.4,6.2,4.5,13.7,6.3
H030,Hospital Universitario San Ignacio,Colombia,Bogotá,Cundinamarca,3,2024,1827,129,1.8,3.0,1.3,10.4,4.6,6.6,4.9,14.7,6.7
H030,Hospital Universitario San Ignacio,Colombia,Bogotá,Cundinamarca,4,2024,1800,127,1.7,2.9,1.3,10.2,4.5,6.5,4.8,14.4,6.6
H030,Hospital Universitario San Ignacio,Colombia,Bogotá,Cundinamarca,5,2024,1813,128,1.7,3.0,1.3,10.3,4.6,6.5,4.8,14.5,6.6
H030,Hospital Universitario San Ignacio,Colombia,Bogotá,Cundinamarca,6,2024,1767,125,1.6,2.8,1.2,9.9,4.5,6.3,4.6,13.9,6.4
H030,Hospital Universitario San Ignacio,Colombia,Bogotá,Cundinamarca,7,2024,1822,128,1.8,3.0,1.3,10.4,4.6,6.6,4.9,14.6,6.7
H030,Hospital Universitario San Ignacio,Colombia,Bogotá,Cundinamarca,8,2024,1796,126,1.7,2.9,1.3,10.2,4.5,6.4,4.7,14.3,6.5
H030,Hospital Universitario San Ignacio,Colombia,Bogotá,Cundinamarca,9,2024,1780,125,1.7,2.9,1.2,10.0,4.5,6.3,4.7,14.0,6.4
H030,Hospital Universitario San Ignacio,Colombia,Bogotá,Cundinamarca,10,2024,1809,127,1.7,2.9,1.3,10.3,4.6,6.5,4.8,14.5,6.6
H030,Hospital Universitario San Ignacio,Colombia,Bogotá,Cundinamarca,11,2024,1791,126,1.7,2.9,1.3,10.1,4.5,6.4,4.7,14.2,6.5
H030,Hospital Universitario San Ignacio,Colombia,Bogotá,Cundinamarca,12,2024,1830,130,1.8,3.1,1.4,10.5,4.7,6.7,5.0,14.8,6.8
H030,Hospital Universitario San Ignacio,Colombia,Bogotá,Cundinamarca,1,2025,1803,127,1.5,2.7,1.1,9.5,4.3,6.0,4.4,13.4,6.2